"THÀNH PHỐ HỒ CHÍ MINH (sáp nhập từ: TPHCM, tỉnh Bà Rịa - Vũng Tàu và tỉnh Bình Dương) [168 ĐVHC (01 đặc khu, 113 phường, 54 xã) - Theo Nghị quyết số 1685/NQ-UBTVQH15]",,,,,,
,,,,,,
TT,Tên,Sáp nhập từ,Trung tâm hành chính,Diện tích (km2),Dân số 2025 (người),Mã số ĐVHC (theo Quyết định 19/2025/QĐ-TTg)
1,Phường An Hội Tây,"Phường 12, Phường 14 (quận Gò Vấp)","397 Phan Huy Ích, phường 14, quận Gò Vấp cũ","3,81",121.004,26882
2,Phường An Hội Đông,"Phường 15, Phường 16 (quận Gò Vấp)","328 Thống Nhất, Phường 16, quận Gò Vấp cũ","3,29",123.681,26878
3,Phường An Khánh,"Phường Thủ Thiêm, Phường An Lợi Đông, Phường Thảo Điền, Phường An Khánh, Phường An Phú (thành phố Thủ Đức)","171/1 Lương Định Của, phường An Khánh, TP Thủ Đức cũ","15,33",76.967,27094
4,Phường An Lạc,"Phường Bình Trị Đông B, Phường An Lạc A, Phường An Lạc","521 Kinh Dương Vương, phường An Lạc, quận Bình Tân cũ","10,47",172.134,27460
5,Phường An Nhơn,"Phường 5, Phường 6 (quận Gò Vấp)","1C Nguyễn Văn Lượng, phường 6, Gò Vấp cũ","3,23",114.498,26876
6,Phường An Phú,"Phường An Phú (thành phố Thuận An), Phường Bình Chuẩn","ĐT743, khu phố 1A, phường An Phú, TP Thuận An, tỉnh Bình Dương cũ","16,85",162.930,25975
7,Phường An Phú Đông,"Phường Thạnh Lộc, Phường An Phú Đông","Trụ sở UBND phường Thạnh Lộc, quận 12 cũ","14,59",179.115,26767
8,Phường An Đông,"Phường 5, Phường 7, Phường 9 (Quận 5)","209 An Dương Vương, phường 7, quận 5 cũ","1,32",81.229,27316
9,Phường Bà Rịa,"Phường Phước Trung, Phường Phước Nguyên, Phường Long Toàn, Phường Phước Hưng","137 đường 27/4 phường Phước Trung, thành phố Bà Rịa, tỉnh Bà Rịa-Vũng Tàu cũ","15,55",52.265,26560
10,Phường Bàn Cờ,"Phường 1, Phường 2, Phường 3, Phường 5, Phường 4 (Quận 3)","296-298 Nguyễn Thiện Thuật, phường 3, quận 3 cũ","0,99",67.616,27154
11,Phường Bình Cơ,"Xã Bình Mỹ (huyện Bắc Tân Uyên), Phường Hội Nghĩa","ĐT 747, khu phố 2, phường Hội Nghĩa, TP Tân Uyên, tỉnh Bình Dương cũ","73,69",64.601,25915
12,Phường Bình Dương,"Phường Phú Mỹ (thành phố Thủ Dầu Một), Phường Hòa Phú, Phường Phú Tân, Phường Phú Chánh","357 đường Võ Nguyên Giáp, khu phố 1, phường Hòa Phú, TP Thủ Dầu Một, tỉnh Bình Dương cũ","58,16",107.576,25760
13,Phường Bình Hòa,"Phường Bình Hòa, Phường Vĩnh Phú","ĐT 743C, khu phố Bình Đức 1, phường Bình Hoà, TP Thuận An, tỉnh Bình Dương cũ","18,49",120.035,25987
14,Phường Bình Hưng Hòa,"Phường Bình Hưng Hòa, Phường Sơn Kỳ, Phường Bình Hưng Hòa A","621 Tân Kỳ Tân Quý, phường Bình Hưng Hòa A, quận Bình Tân cũ","8,47",187.950,27439
15,Phường Bình Lợi Trung,"Phường 5, Phường 11, Phường 13 (quận Bình Thạnh)","355/5 Nơ Trang Long, phường 13, quận Bình Thạnh cũ","3,89",116.121,26905
16,Phường Bình Phú,"Phường 10, Phường 11 (Quận 6), Phường 16 (Quận 8)","15 đường Chợ Lớn, phường, quận 6 cũ","2,86",75.925,27364
17,Phường Bình Quới,"Phường 27, Phường 28","1 khu hành chính Thanh Đa, phường 27, quận Bình Thạnh cũ","6,34",46.200,26911
18,Phường Bình Thạnh,"Phường 12, Phường 14 (quận Bình Thạnh), Phường 26","6 Phan Đăng Lưu, phường 14, quận Bình Thạnh cũ","3,32",126.300,26929
19,Phường Bình Thới,"Phường 3, Phường 10 (Quận 11), Phường 8 (Quận 11)","268 - 270 Bình Thới, quận 11 cũ","1,52",76.478,27232
20,Phường Bình Tiên,"Phường 1, Phường 7, Phường 8 (Quận 6)","107 đường Cao Văn Lầu, phường 1, quận 6 cũ","1,61",91.520,27373
21,Phường Bình Trưng,"Phường Bình Trưng Đông, Phường Bình Trưng Tây, Phường An Phú (thành phố Thủ Đức)","8 đường Hồ Thị Nhung, khu phố 4, phường Bình Trưng Đông, TP Thủ Đức cũ","14,82",121.382,27097
22,Phường Bình Trị Đông,"Phường Bình Trị Đông, Phường Bình Hưng Hòa A, Phường Bình Trị Đông A","162 Mã Lò, phường Bình Trị Đông A, quận Bình Tân cũ","7,15",165.142,27448
23,Phường Bình Tân,"Phường Bình Hưng Hòa B, Phường Bình Trị Đông A, Phường Tân Tạo","43 đường số 16, phường Bình Hưng Hòa B, quận Bình Tân cũ","11,25",161.851,27442
24,Phường Bình Tây,"Phường 2, Phường 9 (Quận 6)","178/7R Hậu Giang, phường 2, quận 6 cũ","1,05",63.293,27367
25,Phường Bình Đông,"Phường 6 (Quận 8), Phường 7 (Quận 8), Xã An Phú Tây, Phường 5 (Quận 8)","1094 Tạ Quang Bửu, phường 6, quận 8 cũ","8,93",155.555,27424
26,Phường Bảy Hiền,"Phường 10, Phường 11, Phường 12 (quận Tân Bình)","1129/20 Lạc Long Quân, phường 11, quận Tân Bình cũ","2,86",132.252,26983
27,Phường Bến Cát,"Xã Tân Hưng (huyện Bàu Bàng), Xã Lai Hưng, Phường Mỹ Phước","KP2, phường Mỹ Phước, TP Bến Cát, tỉnh Bình Dương cũ","100,89",97.928,25813
28,Phường Bến Thành,"Phường Bến Thành, Phường Phạm Ngũ Lão, Phường Cầu Ông Lãnh, Phường Nguyễn Thái Bình","92 Nguyễn Trãi, phường Bến Thành, quận 1 cũ và 238 - 240 Đề Thám, phường Phạm Ngũ Lão, quận 1 cũ ","1,85",71.785,26743
29,Phường Chánh Hiệp,"Phường Định Hòa, Phường Tương Bình Hiệp, Phường Hiệp An, Phường Chánh Mỹ","279 đường Hồ Văn Cống, khu phố 3, phường Tương Bình Hiệp, TP Thủ Dầu Một, tỉnh Bình Dương cũ","19,89",57.176,25771
30,Phường Chánh Hưng,"Phường 4 (Quận 8), Rạch Ông, Phường Hưng Phú, Phường 5 (Quận 8)","39 Dương Bạch Mai, phường 5, quận 8 cũ","4,61",190.707,27418
31,Phường Chánh Phú Hòa,"Phường Chánh Phú Hòa, Xã Hưng Hòa","đường ĐTT 741, khu phố 9, phường Chánh Phú Hòa, TP Bến Cát, tỉnh Bình Dương cũ","69,54",53.916,25837
32,Phường Chợ Lớn,"Phường 11, Phường 12, Phường 13, Phường 14 (Quận 5)","131 Triệu Quang Phục, phường 11, quận 5 cũ","1,67",85.066,27343
33,Phường Chợ Quán,"Phường 1, Phường 2, Phường 4 (Quận 5)","462-464 An Dương Vương, phường 4, quận 5 cũ","1,28",63.545,27301
34,Phường Cát Lái,"Phường Thạnh Mỹ Lợi, Phường Cát Lái","45 Phan Bá Vành, phường Thạnh Mỹ Lợi, TP Thủ Đức cũ","19,65",68.654,27112
35,Phường Cầu Kiệu,"Phường 1, Phường 2, Phường 7 (quận Phú Nhuận), Phường 15 (quận Phú Nhuận)","18 Đoàn Thị Điểm, quận Phú Nhuận cũ","1,23",62.663,27058
36,Phường Cầu Ông Lãnh,"Phường Nguyễn Cư Trinh, Phường Cầu Kho, Phường Cô Giang, Phường Cầu Ông Lãnh","105 Trần Đình Xu, phường Nguyễn Cư Trinh, quận 1 cũ","1,60",78.734,26758
37,Phường Diên Hồng,"Phường 6, Phường 8 (Quận 10), Phường 14 (Quận 10)"," 01A Thành Thái, phường 14, quận 10 cũ","1,86",75.633,27169
38,Phường Dĩ An,"Phường An Bình, Phường Dĩ An, Phường Tân Đông Hiệp","10 Trung tâm hành chính, phường Dĩ An, tỉnh Bình Dương cũ","21,38",227.817,25942
39,Phường Gia Định,"Phường 1, Phường 2, Phường 7, Phường 17 (quận Bình Thạnh)","Tạm thời sử dụng trụ sở UBND phường 7, Bình Thạnh cũ, 58 Hoàng Hoa Thám, phường 7 và trụ sở UBND phường 2 cũ, số 14 Phan Bội Châu, phường 2.
Dự kiến xây dựng trụ sở UBND phường Gia Định tại số 134 Lê Văn Duyệt, phường 1, quận Bình Thạnh cũ","2,76",125.946,26944
40,Phường Gò Vấp,"Phường 10, Phường 17 (quận Gò Vấp)","332 Quang Trung, phường 10, Quận Gò Vấp cũ","2,81",110.850,26884
41,Phường Hiệp Bình,"Phường Hiệp Bình Chánh, Phường Hiệp Bình Phước, Phường Linh Đông","721 Quốc lộ 13, khu phố 3, phường Hiệp Bình Phước, TP Thủ Đức cũ","16,01",215.638,26809
42,Phường Hòa Bình,"Phường 5, Phường 14 (Quận 11)","347 Lạc Long Quân, phường 5, quận 11 cũ và 416/1 Lạc Long Quân, quận 11 cũ","0,98",69.318,27211
43,Phường Hòa Hưng,"Phường 12, Phường 13, Phường 15 (Quận 10), Phường 14 (Quận 10)","TT20 (số cũ LL1) Tam Đảo, phường 15, quận 10 cũ","2,59",96.414,27163
44,Phường Hòa Lợi,"Phường Tân Định (thành phố Bến Cát), Phường Hòa Lợi","Khu phố An Hoà, phường Hòa Lợi, TP Bến Cát, tỉnh Bình Dương cũ","33,59",79.694,25849
45,Phường Hạnh Thông,"Phường 1, Phường 3 (quận Gò Vấp)","306 Nguyễn Văn Nghi, phường 1, quận Gò Vấp cũ","3,37",128.865,26890
46,Phường Khánh Hội,"Phường 8, Phường 9 (Quận 4), Phường 2, Phường 4 (Quận 4), Phường 15 (Quận 4)","104 Bến Vân Đồn, phường 9, quận 4 cũ","1,07",94.507,27265
47,Phường Linh Xuân,"Phường Linh Trung, Phường Linh Xuân, Phường Linh Tây","1262 Kha Vạn Cân, khu phố 2, phường Linh Trung và 49 Hoàng Cầm, khu phố 2, phường Linh Xuân, TP Thủ Đức cũ","12,29",158.334,26800
48,Phường Long Bình,"Phường Long Bình, Phường Long Thạnh Mỹ","325 đường Nguyễn Văn Tăng, phường Long Thạnh Mỹ, TP Thủ Đức cũ","29,43",119.637,26833
49,Phường Long Hương,"Xã Tân Hưng (thành phố Bà Rịa), Phường Kim Dinh, Phường Long Hương","Đường Trịnh Đình Thảo, tổ 9, khu phố Kim Sơn, phường Kim Dinh, TP Bà Rịa, tỉnh Bà Rịa - Vũng Tàu cũ","41,22",31.457,26566
50,Phường Long Nguyên,"Phường An Điền, Xã Long Nguyên, Phường Mỹ Phước","Khu phố Kiến An, phường An Điền, TP Bến Cát, tỉnh Bình Dương cũ","108,00",53.387,25840
51,Phường Long Phước,"Phường Trường Thạnh, Phường Long Phước","239 Khu phố Long Thuận, phường Long Phước, TP Thủ Đức cũ","34,29",53.092,26857
52,Phường Long Trường,"Phường Phú Hữu, Phường Long Trường","1314 đường Nguyễn Duy Trinh, phường Long Trường, TP Thủ Đức cũ","24,49",73.669,26860
53,Phường Lái Thiêu,"Phường Bình Nhâm, Phường Lái Thiêu, Phường Vĩnh Phú","Khu phố chợ, phường Lái Thiêu, TP Thuận An, tỉnh Bình Dương cũ","15,46",118.852,25966
54,Phường Minh Phụng,"Phường 1, Phường 7, Phường 16 (Quận 11)","139B Thuận Kiều, quận 11 cũ","1,27",90.808,27238
55,Phường Nhiêu Lộc,"Phường 9, Phường 11, Phường 12, Phường 14 (Quận 3)","82 Bà Huyện Thanh Quan, phường 9, quận 3 cũ","1,71",88.090,27142
56,Phường Phú An,"Phường Tân An, Xã Phú An, Phường Hiệp An","143 đường Nguyễn Đức Cảnh, khu phố 4, phường Hiệp An, TP Thủ Dầu Một, tỉnh Bình Dương cũ","34,97",46.142,25768
57,Phường Phú Lâm,"Phường 12, Phường 13, Phường 14 (Quận 6)","241/3 đường Tân Hòa Đông, phường 14, quận 6 cũ","2,00",87.513,27349
58,Phường Phú Lợi,"Phường Phú Hòa, Phường Phú Lợi, Phường Hiệp Thành (thành phố Thủ Dầu Một)","438 đường Phú Lợi, khu phố 8, phường Phú Hòa, TP Thủ Dầu Một, tỉnh Bình Dương cũ","17,96",107.721,25750
59,Phường Phú Mỹ,"Phường Phú Mỹ (thành phố Phú Mỹ), Phường Mỹ Xuân","Quốc lộ 51, phường Phú Mỹ - TP Phú Mỹ, tỉnh Bà Rịa - Vũng Tàu cũ","70,92",78.641,26704
60,Phường Phú Nhuận,"Phường 8, Phường 10, Phường 11, Phường 13 (quận Phú Nhuận), Phường 15 (quận Phú Nhuận)","159 Nguyễn Văn Trỗi, phường 11, quận Phú Nhuận cũ","1,46",68.420,27073
61,Phường Phú Thuận,"Phường Phú Thuận, Phường Phú Mỹ (Quận 7)","1203 Huỳnh Tấn Phát, khu phố 3, phường Phú Thuận, quận 7 cũ","10,55",84.089,27484
62,Phường Phú Thạnh,"Phường Hiệp Tân, Phường Phú Thạnh, Phường Tân Thới Hòa","275 Nguyễn Sơn, phường Phú Thạnh, quận Tân Phú và UBND phường Hiệp Tân cũ (cơ sở 2)","2,99",103.780,27028
63,Phường Phú Thọ,"Phường 11, Phường 15 (Quận 11), Phường 8 (Quận 11)","233 - 235 Lê Đại Hành, phường 11, quận 11 và 35-37 Bình Thới, phường 11, quận 11 cũ","1,37",65.369,27226
64,Phường Phú Thọ Hòa,"Phường Phú Thọ Hòa, Phường Tân Thành, Phường Tân Quý","146 Độc Lập, phường Tân Thành, quận Tân Phú cũ và UBND phường Phú Thọ Hòa cũ (cơ sở 2)","3,02",140.436,27022
65,Phường Phú Định,"Phường 14, Phường 15 (Quận 8), Phường Xóm Củi, Phường 16 (Quận 8)","184 Lưu Hữu Phước, phường 15, quận 8 cũ","5,85",150.389,27427
66,Phường Phước Long,"Phường Phước Bình, Phường Phước Long A, Phường Phước Long B","183 đường Đỗ Xuân Hợp, phường Phước Long B, TP Thủ Đức cũ","9,23",137.331,26848
67,Phường Phước Thắng,"Phường 11, Phường 12 (thành phố Vũng Tàu)","7A Nguyễn Gia Thiều, phường 12, TP Vũng Tàu, tỉnh Bà Rịa - Vũng Tàu cũ","47,35",52.589,26542
68,Phường Rạch Dừa,"Phường 10 (thành phố Vũng Tàu), Phường Thắng Nhất, Phường Rạch Dừa","219/28 Lưu Chí Hiếu, phường 10, TP Vũng Tàu, tỉnh Bà Rịa - Vũng Tàu cũ","19,70",76.281,26536
69,Phường Sài Gòn,"Phường Bến Nghé, Phường Đa Kao, Phường Nguyễn Thái Bình","45 - 47 Lê Duẩn, phường Bến Nghé, quận 1 cũ","3,04",47.022,26740
70,Phường Tam Bình,"Phường Bình Chiểu, Phường Tam Phú, Phường Tam Bình","707 Tỉnh lộ 43, khu phố 3, phường Tam Bình, TP Thủ Đức cũ","10,71",153.414,26803
71,Phường Tam Long,"Phường Long Tâm, Xã Hòa Long, Xã Long Phước","Xã Hòa Long, thành phố Bà Rịa, tỉnh Bà Rịa - Vũng Tàu cũ","34,70",41.130,26572
72,Phường Tam Thắng,"Phường 7, Phường 8, Phường 9 (thành phố Vũng Tàu), Phường Nguyễn An Ninh","603 Nguyễn An Ninh, phường Nguyễn An Ninh, TP Vũng Tàu, tỉnh Bà Rịa - Vũng Tàu cũ","11,76",86.420,26526
73,Phường Thuận An,"Phường Hưng Định, Phường An Thạnh, Xã An Sơn","289 đường Hưng Định 31, khu phố Hưng Thọ, phường Hưng Định, TP Thuận An, tỉnh Bình Dương cũ","16,11",64.689,25978
74,Phường Thuận Giao,"Phường Thuận Giao, Phường Bình Chuẩn","743, đường Thủ Khoa Huân, phường Bình Chuẩn, TP Thuận An, tỉnh Bình Dương cũ","16,81",150.781,25969
75,Phường Thông Tây Hội,"Phường 8, Phường 11 (quận Gò Vấp)","175 Nguyễn văn Khối, phường 8, quận Gò Vấp cũ","3,24",121.192,26898
76,Phường Thạnh Mỹ Tây,"Phường 19, Phường 22, Phường 25","85/16 Phạm Viết Chánh, 85/8 Phạm Viết Chánh và 5 Phạm Viết Chánh, quận Bình Thạnh cũ","4,40",153.216,26956
77,Phường Thới An,"Phường Thạnh Xuân, Phường Thới An","Trụ sở UBND phường Thới An, quận 12 cũ","14,90",125.657,26773
78,Phường Thới Hòa,giữ nguyên,"Khu phố 3A, phường Thới Hoà, TP Bến Cát, tỉnh Bình Dương cũ","37,93",79.601,25846
79,Phường Thủ Dầu Một,"Phường Phú Cường, Phường Phú Thọ, Phường Chánh Nghĩa, Phường Hiệp Thành (thành phố Thủ Dầu Một), Phường Chánh Mỹ","1 đường Quang Trung, khu phố 6, phường Phú Cường, TP Thủ Dầu Một, tỉnh Bình Dương cũ","15,68",88.132,25747
80,Phường Thủ Đức,"Phường Bình Thọ, Phường Linh Chiểu, Phường Trường Thọ, Phường Linh Tây, Phường Linh Đông","2 Nguyễn Công Trứ, phường Bình Thọ, TP Thủ Đức cũ","8,81",118.952,26824
81,Phường Trung Mỹ Tây,"Phường Tân Chánh Hiệp, Phường Trung Mỹ Tây","Trụ sở UBND phường Trung Mỹ Tây, quận 12 cũ","6,93",126.470,26785
82,Phường Tân Bình,"Phường 13, Phường 14 (quận Tân Bình), Phường 15 (quận Tân Bình)","387A Trường Chinh, phường 14, quận Tân Bình cũ","2,12",89.373,27004
83,Phường Tân Hiệp,"Phường Khánh Bình, Phường Tân Hiệp","Đường Nguyễn Khuyến, khu phố Tân Bình, phường Tân Hiệp, TP Tân Uyên, tỉnh Bình Dương cũ","47,06",142.494,25920
84,Phường Tân Hòa,"Phường 6, Phường 8, Phường 9 (quận Tân Bình)","356 Bắc Hải, phường 6, quận Tân Bình cũ","1,47",93.437,26995
85,Phường Tân Hưng,"Phường Tân Phong, Phường Tân Quy, Phường Tân Kiểng, Phường Tân Hưng","9 đường 2A phường Tân Hưng, quận 7 cũ","8,54",153.674,27475
86,Phường Tân Hải,"Phường Tân Hòa, Phường Tân Hải","Phường Tân Hải, TP Phú Mỹ, tỉnh Bà Rịa - Vũng Tàu cũ","51,86",30.297,26710
87,Phường Tân Khánh,"Phường Thạnh Phước, Phường Tân Phước Khánh, Phường Tân Vĩnh Hiệp, Xã Thạnh Hội, Phường Thái Hòa","Đường Lý Tự trọng, khu phố Khánh Hòa, phường Tân Phước Khánh, TP Tân Uyên, tỉnh Bình Dương cũ","38,23",126.393,25891
88,Phường Tân Mỹ,"Phường Tân Phú (Quận 7), Phường Phú Mỹ (Quận 7)","7 Tân Phú, phường Tân Phú, quận 7 cũ","6,45",68.124,27487
89,Phường Tân Phú,"Phường Phú Trung, Phường Hòa Thạnh, Phường Tân Thới Hòa, Phường Tân Thành","70A Thoại Ngọc Hầu, phường Hòa Thạnh, quận Tân Phú cũ ","2,52",93.117,27031
90,Phường Tân Phước,"Phường Phước Hòa, Phường Tân Phước","Đường Độc Lập, khu phố Tân Lộc, phường Phước Hòa, thị xã Phú Mỹ, tỉnh Bà Rịa - Vũng Tàu cũ","83,62",29.363,26713
91,Phường Tân Sơn,Phường 15 (quận Tân Bình),"822 Trường Chinh, phường 15, quận Tân Bình cũ","10,12",77.229,27007
92,Phường Tân Sơn Hòa,"Phường 1, Phường 2, Phường 3 (quận Tân Bình)","291 Lê Văn Sỹ, phường 1, quận Tân Bình cũ","2,62",64.150,26977
93,Phường Tân Sơn Nhì,"Phường Tân Sơn Nhì, Phường Sơn Kỳ, Phường Tân Quý, Phường Tân Thành","48 Tân Quý, phường Tân Quý, quận Tân Phú  cũ và UBND phường Tân Sơn Nhì cũ (cơ sở 2)","3,46",117.277,27019
94,Phường Tân Sơn Nhất,"Phường 4, Phường 5, Phường 7 (quận Tân Bình)","25/4-6 Hoàng Việt, phường 4, quận Tân Bình cũ","3,19",84.639,26968
95,Phường Tân Thuận,"Phường Bình Thuận, Phường Tân Thuận Đông, Phường Tân Thuận Tây","342 Huỳnh Tấn Phát, quận 7 cũ","10,16",148.090,27478
96,Phường Tân Thành,"Phường Hắc Dịch, Xã Sông Xoài","Phường Hắc Dịch, TP Phú Mỹ, tỉnh Bà Rịa - Vũng Tàu cũ","61,63",33.943,26725
97,Phường Tân Thới Hiệp,"Phường Hiệp Thành (Quận 12), Phường Tân Thới Hiệp","Trụ sở UBND phường Tân Thới Hiệp, quận 12 cũ","8,06",168.060,26782
98,Phường Tân Tạo,"Xã Tân Kiên, Phường Tân Tạo A, Phường Tân Tạo","1409 Tỉnh lộ 10, phường Tân Tạo A, quận Bình Tân cũ","14,71",113.363,27457
99,Phường Tân Uyên,"Phường Uyên Hưng, Xã Bạch Đằng, Xã Tân Lập, Xã Tân Mỹ","ĐT 747, khu phố 1, phường Uyên Hưng, TP Tân Uyên, tỉnh Bình Dương cũ","94,67",73.032,25888
100,Phường Tân Đông Hiệp,"Phường Tân Bình, Phường Thái Hòa, Phường Tân Đông Hiệp","880 đường Nguyễn Thị Minh Khai, phường Tân Bình, tỉnh Bình Dương cũ","21,47",100.243,25945
101,Phường Tân Định,"Phường Tân Định (Quận 1), Phường Đa Kao"," 58B Nguyễn Đình Chiểu, phường Đa Kao, quận 1 cũ","1,23",48.524,26737
102,Phường Tây Nam,"Phường An Tây, Xã Thanh Tuyền, Xã An Lập","Khu phố Lồ ồ, phường An Tây, TP Bến Cát, tỉnh Bình Dương cũ","119,80",56.784,25843
103,Phường Tây Thạnh,"Phường Tây Thạnh, Phường Sơn Kỳ","200/12 Nguyễn Hữu Tiến, phường Tây Thạnh, quận Tân Phú cũ và Nhà Văn hóa Lao động (cơ sở 2)","3,95",72.616,27013
104,Phường Tăng Nhơn Phú,"Phường Tân Phú (thành phố Thủ Đức), Phường Hiệp Phú, Phường Tăng Nhơn Phú A, Phường Tăng Nhơn Phú B, Phường Long Thạnh Mỹ","29 Lê Văn Việt, phường Tăng Nhơn Phú A, TP Thủ Đức cũ","16,51",208.233,26842
105,Phường Vĩnh Hội,"Phường 1, Phường 3 (Quận 4), Phường 2, Phường 4 (Quận 4)","183 Tôn Thất Thuyết, phường 4 cũ","1,17",63.015,27286
106,Phường Vĩnh Tân,"Phường Vĩnh Tân, Thị trấn Tân Bình","ĐT 742, khu phố 4, phường Vĩnh Tân, TP Tân Uyên, tỉnh Bình Dương cũ","61,35",61.865,25912
107,Phường Vũng Tàu,"Phường 1, Phường 2, Phường 3, Phường 4, Phường 5 (thành phố Vũng Tàu), Phường Thắng Nhì, Phường Thắng Tam","87-89 Lý Thường Kiệt, phường 1, TP Vũng Tàu, tỉnh Bà Rịa - Vũng Tàu cũ","16,86",117.413,26506
108,Phường Vườn Lài,"Phường 1, Phường 2, Phường 4, Phường 9, Phường 10 (Quận 10)","168 (số cũ 66) Hùng Vương, phường 2, quận 10 cũ","1,28",104.076,27190
109,Phường Xuân Hòa,"Phường Võ Thị Sáu, Phường 4 (Quận 3)","99 - 99A Trần Quốc Thảo, phường Võ Thị Sáu, quận 3 cũ","2,22",48.464,27139
110,Phường Xóm Chiếu,"Phường 13, Phường 16, Phường 18, Phường 15 (Quận 4)","18 Đoàn Như Hài, phường 13, quận 4 cũ","1,94",57.875,27259
111,Phường Đông Hòa,"Phường Bình An, Phường Bình Thắng, Phường Đông Hòa","153 Quốc lộ 1K, phường Đông Hoà, tỉnh Bình Dương cũ","21,89",132.056,25951
112,Phường Đông Hưng Thuận,"Phường Tân Thới Nhất, Phường Tân Hưng Thuận, Phường Đông Hưng Thuận","Trụ sở UBND phường Tân Thới Nhất, quận 12 cũ","8,26",182.895,26791
113,Phường Đức Nhuận,"Phường 4, Phường 5, Phường 9 (quận Phú Nhuận)","744 Nguyễn Kiệm, quận Phú Nhuận cũ","2,17",71.495,27043
114,Xã An Long,"Xã An Linh, Xã Tân Long, Xã An Long","Tổ 04, ấp Xóm Quạt, xã An Long, huyện Phú Giáo, tỉnh Bình Dương cũ","100,05",17.906,25867
115,Xã An Nhơn Tây,"Xã Phú Mỹ Hưng, Xã An Phú, Xã An Nhơn Tây","1407 đường Tỉnh lộ 7, xã An Nhơn Tây, huyện Củ Chi cũ ","77,70",40.896,27508
116,Xã An Thới Đông,"Xã Lý Nhơn, Xã An Thới Đông","Trụ sở UBND xã An Thới Đông cũ, ấp An Hòa 1, huyện Cần Giờ cũ","257,85",22.607,27673
117,Xã Bà Điểm,"Xã Xuân Thới Thượng, Xã Trung Chánh, Xã Bà Điểm",Trụ sở Đảng ủy - HĐND - UBND xã Bà Điểm cũ,"27,36",204.289,27592
118,Xã Bàu Bàng,Thị trấn Lai Uyên,"Trung tâm hành chính huyện Bàu Bàng, khu phố Đồng Sổ, thị trấn Lai Uyên, Huyện Bàu Bàng, tỉnh Bình Dương cũ","84,09",42.219,25822
119,Xã Bàu Lâm,"Xã Tân Lâm, Xã Bàu Lâm","Ấp 2 Đông, xã Bàu Lâm, huyện Xuyên Mộc, tỉnh Bà Rịa - Vũng Tàu cũ","123,83",22.567,26638
120,Xã Bình Chánh,"Xã Tân Quý Tây, Xã Bình Chánh, Xã An Phú Tây","345 đường Trịnh Như Khuê, xã Bình Khánh, huyện Bình Chánh cũ","21,33",76.187,27637
121,Xã Bình Châu,giữ nguyên,"Quốc lộ 55, ấp Láng Găng, xã Bình Châu, huyện Xuyên Mộc, tỉnh Bà Rịa - Vũng Tàu cũ","87,06",26.054,26656
122,Xã Bình Giã,"Xã Bình Trung, Xã Quảng Thành, Xã Bình Giã","Tổ 2, ấp Vĩnh Bình, xã Bình Giã, huyện Châu Đức, tỉnh Bà Rịa - Vũng Tàu cũ","66,96",34.262,26590
123,Xã Bình Hưng,"Xã Phong Phú, Xã Bình Hưng, Phường 7 (Quận 8)","A10/26A, đường số 10, khu dân cư Bình Hưng, ấp 6, xã Bình Hưng, huyện Bình Chánh cũ","32,63",183.697,27619
124,Xã Bình Khánh,"Xã Tam Thôn Hiệp, Xã Bình Khánh, Xã An Thới Đông","Trụ sở UBND xã Bình Khánh cũ, tọa lạc đường Rừng Sác, ấp Bình An 1, huyện Cần Giờ cũ","158,28",35.482,27667
125,Xã Bình Lợi,"Xã Lê Minh Xuân, Xã Bình Lợi","1905 đường Trần Văn Giàu, xã Lê Minh Xuân, huyện Bình Chánh cũ và 1060 đường Vườn Thơm, xã Bình Lợi, huyện Bình Chánh cũ","54,18",47.180,27610
126,Xã Bình Mỹ,"Xã Bình Mỹ (huyện Củ Chi), Xã Hòa Phú, Xã Trung An","1627 ấp 1A, xã Hòa Phú, huyện Củ Chi cũ ","54,44",99.675,27544
127,Xã Bắc Tân Uyên,"Thị trấn Tân Thành, Xã Đất Cuốc, Xã Tân Định","Khu phố 2, thị trấn Tân Thành, huyện Bắc Tân Uyên, tỉnh Bình Dương cũ","143,69",27.964,25906
128,Xã Châu Pha,"Xã Tóc Tiên, Xã Châu Pha","Xã Châu Pha, TP Phú Mỹ, tỉnh Bà Rịa - Vũng Tàu cũ","65,64",25.438,26728
129,Xã Châu Đức,"Xã Cù Bị, Xã Xà Bang","Ấp Liên Lộc, xã Xà Bang, huyện Châu Đức, tỉnh Bà Rịa Vũng Tàu cũ","84,66",28.240,26596
130,Xã Cần Giờ,"Xã Long Hòa (huyện Cần Giờ), Thị trấn Cần Thạnh","48 đường Lương Văn Nho, khu phố Giồng Ao, thị trấn Cần Thạnh, huyện Cần Giờ cũ","157,01",27.130,27664
131,Xã Củ Chi,"Xã Tân Phú Trung, Xã Tân Thông Hội, Xã Phước Vĩnh An","314 đường Phan Văn Khải, ấp Đình B, xã Tân Phú Trung, huyện Củ Chi cũ ","64,88",128.661,27553
132,Xã Dầu Tiếng,"Thị trấn Dầu Tiếng, Xã Định An, Xã Định Thành, Xã Định Hiệp","Đường Hùng Vương, KP4B, thị trấn Dầu Tiếng, huyện Dầu Tiếng, tỉnh Bình Dương cũ","182,69",39.056,25777
133,Xã Hiệp Phước,"Xã Nhơn Đức, Xã Long Thới, Xã Hiệp Phước","209 Nguyễn Văn Tạo, xã Long Thới, huyện Nhà Bè cũ","63,33",67.754,27658
134,Xã Hòa Hiệp,giữ nguyên,"Xã Hòa Hiệp, huyện Xuyên Mộc, tỉnh Bà Rịa - Vũng Tàu cũ","99,28",25.995,26647
135,Xã Hòa Hội,"Xã Hòa Hưng, Xã Hòa Bình, Xã Hòa Hội","xã Hòa Bình, huyện Xuyên Mộc, tỉnh Bà Rịa - Vũng Tàu cũ","136,27",36.174,26641
136,Xã Hóc Môn,"Xã Tân Hiệp (huyện Hóc Môn), Xã Tân Xuân, Thị trấn Hóc Môn",Trụ sở Đảng ủy - HĐND - UBND huyện Hóc Môn cũ,"16,43",93.323,27559
137,Xã Hưng Long,"Xã Đa Phước, Xã Qui Đức, Xã Hưng Long","564 đường Đoàn Nguyễn Tuấn, ấp 6, xã Hưng Long, huyện Bình Chánh cũ và  33 đường Hưng Long - Qui Đức, ấp 3, xã Qui Đức, huyện Bình Chánh cũ","35,54",71.504,27628
138,Xã Hồ Tràm,"Thị trấn Phước Bửu, Xã Phước Tân, Xã Phước Thuận","151 quốc lộ 55, thị trấn Phước Bửu, huyện Xuyên Mộc, tỉnh Bà Rịa - Vũng Tàu cũ","94,51",51.895,26620
139,Xã Kim Long,"Thị trấn Kim Long, Xã Bàu Chinh, Xã Láng Lớn","Tổ 19, khu phố Hưng Long, thị trấn Kim Long, huyện Châu Đức, tỉnh Bà Rịa -Vũng Tàu cũ","63,92",33.369,26608
140,Xã Long Hòa,"Xã Long Tân, Xã Long Hòa (huyện Dầu Tiếng), Xã Minh Tân, Xã Minh Thạnh","Tổ 9, ấp Long Điền, xã Long Hòa, huyện Dầu Tiếng, tỉnh Bình Dương cũ","166,76",25.215,25792
141,Xã Long Hải,"Thị trấn Long Hải, Xã Phước Tỉnh, Xã Phước Hưng","Xã Phước Tỉnh, huyện Long Đất, tỉnh Bà Rịa - Vũng Tàu cũ","27,93",109.149,26662
142,Xã Long Sơn,giữ nguyên,"Thôn 1, xã Long Sơn, TP Vũng Tàu, tỉnh Bà Rịa - Vũng Tàu cũ","56,50",17.767,26545
143,Xã Long Điền,"Thị trấn Long Điền, Xã Tam An","120 Dương Bạch Mai, KP Long Phượng, TT Long Điền, huyện Long Đất, tỉnh Bà Rịa - Vũng Tàu cũ","51,44",48.048,26659
144,Xã Minh Thạnh,"Xã Minh Hòa, Xã Minh Tân, Xã Minh Thạnh","Tổ 3, ấp Hòa Cường, xã Minh Hòa, huyện Dầu Tiếng, tỉnh Bình Dương cũ","159,06",24.215,25780
145,Xã Nghĩa Thành,"Xã Đá Bạc, Xã Nghĩa Thành","đường số 6, xã Nghĩa Thành, huyện Châu Đức, tỉnh Bà Rịa - Vũng Tàu cũ","65,67",27.819,26617
146,Xã Ngãi Giao,"Thị trấn Ngãi Giao, Xã Bình Ba, Xã Suối Nghệ","70 Trần Hưng Đạo, thị trấn Ngãi Giao, huyện Châu Đức, tỉnh Bà Rịa - Vũng Tàu cũ","69,30",49.065,26575
147,Xã Nhuận Đức,"Xã Phạm Văn Cội, Xã Trung Lập Hạ, Xã Nhuận Đức","1A đường Bà Thiên Ấp Ngã 4, xã Nhuận Đức, huyện Củ Chi cũ","62,06",40.239,27511
148,Xã Nhà Bè,"Thị trấn Nhà Bè, Xã Phú Xuân, Xã Phước Kiển, Xã Phước Lộc","330 đường Nguyễn Bình, xã Phú Xuân, huyện Nhà Bè cũ","37,10",125.832,27655
149,Xã Phú Giáo,"Thị trấn Phước Vĩnh, Xã An Bình, Xã Tam Lập"," 02 đường Hùng Vương, khu phố 02, thị trấn Phước Vĩnh, huyện Phú Giáo, tỉnh Bình Dương cũ","192,83",42.739,25858
150,Xã Phú Hòa Đông,"Xã Tân Thạnh Tây, Xã Tân Thạnh Đông, Xã Phú Hòa Đông","269 tỉnh lộ 8, ấp 2A, xã Tân Thạnh Tây, huyện Củ Chi cũ ","59,75",97.766,27541
151,Xã Phước Hòa,"Xã Vĩnh Hòa, Xã Phước Hòa, Xã Tam Lập","Tổ 3, ấp Trảng Sắn, xã Vĩnh Hoà, huyện Phú Giáo, tỉnh Bình Dương cũ","128,07",42.470,25882
152,Xã Phước Hải,"Thị trấn Phước Hải, Xã Phước Hội","Xã Phước Hội, huyện Long Đất, tỉnh Bà Rịa - Vũng Tàu cũ","70,04",43.615,26686
153,Xã Phước Thành,"Xã Tân Hiệp (huyện Phú Giáo), Xã An Thái, Xã Phước Sang","Tổ 4, ấp Sa Dụp, xã Phước Sang, huyện Phú Giáo, tỉnh Bình Dương cũ","123,49",15.803,25864
154,Xã Thanh An,"Xã Thanh An, Xã Định Hiệp, Xã Thanh Tuyền, Xã An Lập","Tổ 1, ấp Cần Giăng, xã Thanh An, huyện Dầu Tiếng, tỉnh Bình Dương cũ","136,72",25.324,25807
155,Xã Thái Mỹ,"Xã Trung Lập Thượng, Xã Phước Thạnh, Xã Thái Mỹ","712 đường Phan Văn Khải, ấp Phước Hưng, xã Phước Thạnh, huyện Củ Chi cũ","62,44",49.862,27526
156,Xã Thường Tân,"Xã Lạc An, Xã Hiếu Liêm, Xã Thường Tân, Xã Tân Mỹ","Ấp 4, xã ã Lạc An, huyện Bắc Tân Uyên, tỉnh Bình Dương cũ","120,70",21.238,25909
157,Xã Thạnh An,giữ nguyên,"Trụ sở UBND xã Thạnh An cũ, tọa lạc ấp Thạnh Bình, huyện Cần Giờ cũ","131,31",5.180,27676
158,Xã Trừ Văn Thố,"Xã Trừ Văn Thố, Xã Cây Trường II, Thị trấn Lai Uyên","Ấp ông Thanh, xã Cây Trường, huyện Bàu Bàng cũ","76,56",24.533,25819
159,Xã Tân An Hội,"Thị trấn Củ Chi, Xã Phước Hiệp, Xã Tân An Hội","77 Tỉnh lộ 8, thị trấn Củ Chi, huyện Củ Chi cũ ","53,51",84.342,27496
160,Xã Tân Nhựt,"Thị trấn Tân Túc, Xã Tân Nhựt, Phường Tân Tạo A, Xã Tân Kiên, Phường 16 (Quận 8)","79 đường Tân Túc, thị trấn Tân Túc, huyện Bình Chánh cũ","43,67",115.513,27595
161,Xã Tân Vĩnh Lộc,"Xã Vĩnh Lộc B, Xã Phạm Văn Hai, Phường Tân Tạo","2206 đường Trần Văn Giàu, ấp 8 xã Phạm Văn Hai, huyện Bình Chánh cũ và 1304 đường Vĩnh Lộc, xã Vĩnh Lộc B, huyện Bình Chánh cũ","34,05",163.839,27604
162,Xã Vĩnh Lộc,"Xã Vĩnh Lộc A, Xã Phạm Văn Hai","F7/16, đường Vĩnh Lộc, ấp 67 xã Vĩnh Lộc A, huyện Bình Chánh cũ","30,55",167.521,27601
163,Xã Xuyên Mộc,"Xã Bông Trang, Xã Bưng Riềng, Xã Xuyên Mộc","Quốc lộ 55, ấp Trang Hoàng, xã Bông Trang, huyện Xuyên Mộc, tỉnh Bà Rịa - Vũng Tàu cũ","102,96",26.917,26632
164,Xã Xuân Sơn,"Xã Suối Rao, Xã Sơn Bình, Xã Xuân Sơn","Tổ 10, thôn Xuân Tân, xã Xuân Sơn, huyện Châu Đức, tỉnh Bà Rịa - Vũng Tàu cũ","73,81",27.368,26584
165,Xã Xuân Thới Sơn,"Xã Tân Thới Nhì, Xã Xuân Thới Đông, Xã Xuân Thới Sơn",Trụ sở Đảng ủy - HĐND - UBND xã Xuân Thới Sơn cũ,"35,21",103.643,27577
166,Xã Đông Thạnh,"Xã Thới Tam Thôn, Xã Nhị Bình, Xã Đông Thạnh",Trụ sở Đảng ủy - HĐND - UBND xã Đông Thạnh cũ,"30,16",190.400,27568
167,Xã Đất Đỏ,"Thị trấn Đất Đỏ, Xã Long Tân (huyện Long Đất), Xã Láng Dài, Xã Phước Long Thọ","KP Hiệp Hòa, TT Đất Đỏ, huyện Long Đất, tỉnh Bà Rịa - Vũng Tàu cũ","119,77",43.862,26680
168,Đặc khu Côn Đảo,Huyện Côn Đảo,"28 đường Tôn Đức Thắng, huyện Côn Đảo, tỉnh Bà Rịa - Vũng Tàu cũ","75,79",6.502,26732
